{"cameraMode":{"drawMode":0,"name":"Shaded","section":"Shading Mode"},"sceneLighting":true,"audioPlay":false,"sceneViewState":{"m_AlwaysRefresh":false,"showFog":true,"showSkybox":true,"showFlares":true,"showImageEffects":true,"showParticleSystems":true,"showVisualEffectGraphs":true,"m_FxEnabled":true},"in2DMode":false,"pivot":{"x":-0.19829648733139039,"y":9.750079154968262,"z":-1.4897363185882569},"rotation":{"x":0.2235984057188034,"y":-0.09049449861049652,"z":0.02085542306303978,"w":0.9702499508857727},"size":1.9695870876312256,"orthographic":false}